{
  "project_info": {
    "project_number": "971798772027",
    "firebase_url": "https://instaclone-d265a-default-rtdb.firebaseio.com",
    "project_id": "instaclone-d265a",
    "storage_bucket": "instaclone-d265a.appspot.com"
  },
  "client": [
    {
      "client_info": {
        "mobilesdk_app_id": "1:971798772027:android:8a40ebacab66c789e19f1e",
        "android_client_info": {
          "package_name": "com.example.instaclone"
        }
      },
      "oauth_client": [],
      "api_key": [
        {
          "current_key": "AIzaSyA8QBFPQmvrJMsJ05GLpTTNjQbRIQPGMEM"
        }
      ],
      "services": {
        "appinvite_service": {
          "other_platform_oauth_client": []
        }
      }
    }
  ],
  "configuration_version": "1"
}